,id,name,year,run_time,genre,rating,about,director,actors,votes,gross
0,1,The Shawshank Redemption,1994,142 min,Drama            ,9.3,"Two imprisoned men bond over a number of years, finding solace and eventual redemption through acts of common decency.",Frank Darabont ,"Tim Robbins, Morgan Freeman, Bob Gunton, William Sadler",2123335,$28.34M
1,2,The Godfather,1972,175 min,"Crime, Drama            ",9.2,The aging patriarch of an organized crime dynasty transfers control of his clandestine empire to his reluctant son.,Francis Ford Coppola ,"Marlon Brando, Al Pacino, James Caan, Diane Keaton",1457883,$134.97M
2,3,The Dark Knight,2008,152 min,"Action, Crime, Drama            ",9,"When the menace known as The Joker emerges from his mysterious past, he wreaks havoc and chaos on the people of Gotham. The Dark Knight must accept one of the greatest psychological and physical tests of his ability to fight injustice.",Christopher Nolan ,"Christian Bale, Heath Ledger, Aaron Eckhart, Michael Caine",2088497,$534.86M
3,4,The Godfather: Part II,1974,202 min,"Crime, Drama            ",9,"The early life and career of Vito Corleone in 1920s New York City is portrayed, while his son, Michael, expands and tightens his grip on the family crime syndicate.",Francis Ford Coppola ,"Al Pacino, Robert De Niro, Robert Duvall, Diane Keaton",1013962,$57.30M
4,5,Pulp Fiction,1994,154 min,"Crime, Drama            ",8.9,"The lives of two mob hitmen, a boxer, a gangster and his wife, and a pair of diner bandits intertwine in four tales of violence and redemption.",Quentin Tarantino ,"John Travolta, Uma Thurman, Samuel L. Jackson, Bruce Willis",1662976,$107.93M
5,6,Schindler's List,1993,195 min,"Biography, Drama, History            ",8.9,"In German-occupied Poland during World War II, industrialist Oskar Schindler gradually becomes concerned for his Jewish workforce after witnessing their persecution by the Nazis.",Steven Spielberg ,"Liam Neeson, Ralph Fiennes, Ben Kingsley, Caroline Goodall",1101820,$96.90M
6,7,The Lord of the Rings: The Return of the King,2003,201 min,"Adventure, Drama, Fantasy            ",8.9,Gandalf and Aragorn lead the World of Men against Sauron's army to draw his gaze from Frodo and Sam as they approach Mount Doom with the One Ring.,Peter Jackson ,"Elijah Wood, Viggo Mortensen, Ian McKellen, Orlando Bloom",1510806,$377.85M
7,8,12 Angry Men,1957,96 min,Drama            ,8.9,A jury holdout attempts to prevent a miscarriage of justice by forcing his colleagues to reconsider the evidence.,Sidney Lumet ,"Henry Fonda, Lee J. Cobb, Martin Balsam, John Fiedler",604659,$4.36M
8,9,"Il buono, il brutto, il cattivo",1966,161 min,Western            ,8.8,A bounty hunting scam joins two men in an uneasy alliance against a third in a race to find a fortune in gold buried in a remote cemetery.,Sergio Leone ,"Clint Eastwood, Eli Wallach, Lee Van Cleef, Aldo Giuffrè",630731,$6.10M
9,10,Forrest Gump,1994,142 min,"Drama, Romance            ",8.8,"The presidencies of Kennedy and Johnson, the events of Vietnam, Watergate, and other history unfold through the perspective of an Alabama man with an IQ of 75.",Robert Zemeckis ,"Tom Hanks, Robin Wright, Gary Sinise, Sally Field",1632768,$330.25M
10,11,Inception,2010,148 min,"Action, Adventure, Sci-Fi            ",8.8,A thief who steals corporate secrets through the use of dream-sharing technology is given the inverse task of planting an idea into the mind of a C.E.O.,Christopher Nolan ,"Leonardo DiCaprio, Joseph Gordon-Levitt, Ellen Page, Ken Watanabe",1861627,$292.58M
11,12,The Lord of the Rings: The Fellowship of the Ring,2001,178 min,"Adventure, Drama, Fantasy            ",8.8,A meek Hobbit from the Shire and eight companions set out on a journey to destroy the powerful One Ring and save Middle-earth from the Dark Lord Sauron.,Peter Jackson ,"Elijah Wood, Ian McKellen, Orlando Bloom, Sean Bean",1526404,$315.54M
12,13,Fight Club,1999,139 min,Drama            ,8.8,"An insomniac office worker and a devil-may-care soapmaker form an underground fight club that evolves into something much, much more.",David Fincher ,"Brad Pitt, Edward Norton, Meat Loaf, Zach Grenier",1697205,$37.03M
13,14,Dangal,2016,161 min,"Action, Biography, Drama            ",8.4,Former wrestler Mahavir Singh Phogat and his two wrestler daughters struggle towards glory at the Commonwealth Games in the face of societal oppression.,Nitesh Tiwari ,"Aamir Khan, Sakshi Tanwar, Fatima Sana Shaikh, Sanya Malhotra",126933,$12.39M
14,15,Star Wars: Episode V - The Empire Strikes Back,1980,124 min,"Action, Adventure, Fantasy            ",8.7,"After the Rebels are brutally overpowered by the Empire on the ice planet Hoth, Luke Skywalker begins Jedi training with Yoda, while his friends are pursued by Darth Vader.",Irvin Kershner ,"Mark Hamill, Harrison Ford, Carrie Fisher, Billy Dee Williams",1063349,$290.48M
15,16,Star Wars,1977,121 min,"Action, Adventure, Fantasy            ",8.6,"Luke Skywalker joins forces with a Jedi Knight, a cocky pilot, a Wookiee and two droids to save the galaxy from the Empire's world-destroying battle station, while also attempting to rescue Princess Leia from the mysterious Darth Vader.",George Lucas ,"Mark Hamill, Harrison Ford, Carrie Fisher, Alec Guinness",1132388,$322.74M
16,17,The Matrix,1999,136 min,"Action, Sci-Fi            ",8.7,A computer hacker learns from mysterious rebels about the true nature of his reality and his role in the war against its controllers.,"Lana Wachowski, Lilly Wachowski ","Keanu Reeves, Laurence Fishburne, Carrie-Anne Moss, Hugo Weaving",1527376,$171.48M
17,18,Goodfellas,1990,146 min,"Biography, Crime, Drama            ",8.7,"The story of Henry Hill and his life in the mob, covering his relationship with his wife Karen Hill and his mob partners Jimmy Conway and Tommy DeVito in the Italian-American crime syndicate.",Martin Scorsese ,"Robert De Niro, Ray Liotta, Joe Pesci, Lorraine Bracco",917205,$46.84M
18,19,One Flew Over the Cuckoo's Nest,1975,133 min,Drama            ,8.7,A criminal pleads insanity after getting into trouble again and once in the mental institution rebels against the oppressive nurse and rallies up the scared patients.,Milos Forman ,"Jack Nicholson, Louise Fletcher, Will Sampson, Michael Berryman",840512,$112.00M
19,20,Cidade de Deus,2002,130 min,"Crime, Drama            ",8.6,"In the slums of Rio, two kids' paths diverge as one struggles to become a photographer and the other a kingpin.","Fernando Meirelles, Kátia Lund ","Alexandre Rodrigues, Leandro Firmino, Matheus Nachtergaele, Phellipe Haagensen",651062,$7.56M
20,21,The Lord of the Rings: The Two Towers,2002,179 min,"Adventure, Drama, Fantasy            ",8.7,"While Frodo and Sam edge closer to Mordor with the help of the shifty Gollum, the divided fellowship makes a stand against Sauron's new ally, Saruman, and his hordes of Isengard.",Peter Jackson ,"Elijah Wood, Ian McKellen, Viggo Mortensen, Orlando Bloom",1366319,$342.55M
21,22,Shichinin no samurai,1954,207 min,"Adventure, Drama            ",8.6,A poor village under attack by bandits recruits seven unemployed samurai to help them defend themselves.,Akira Kurosawa ,"Toshirô Mifune, Takashi Shimura, Keiko Tsushima, Yukiko Shimazaki",287749,$0.27M
22,23,Interstellar,2014,169 min,"Adventure, Drama, Sci-Fi            ",8.6,A team of explorers travel through a wormhole in space in an attempt to ensure humanity's survival.,Christopher Nolan ,"Matthew McConaughey, Anne Hathaway, Jessica Chastain, Mackenzie Foy",1318741,$188.02M
23,24,Kimi no na wa.,2016,106 min,"Animation, Drama, Fantasy            ",8.4,"Two strangers find themselves linked in a bizarre way. When a connection forms, will distance be the only thing to keep them apart?",Makoto Shinkai ,"Ryûnosuke Kamiki, Mone Kamishiraishi, Ryô Narita, Aoi Yûki",140019,$5.02M
24,25,The Silence of the Lambs,1991,118 min,"Crime, Drama, Thriller            ",8.6,"A young F.B.I. cadet must receive the help of an incarcerated and manipulative cannibal killer to help catch another serial killer, a madman who skins his victims.",Jonathan Demme ,"Jodie Foster, Anthony Hopkins, Lawrence A. Bonney, Kasi Lemmons",1149110,$130.74M
25,26,Léon,1994,110 min,"Action, Crime, Drama            ",8.6,"Mathilda, a 12-year-old girl, is reluctantly taken in by Léon, a professional assassin, after her family is murdered. Léon and Mathilda form an unusual relationship, as she becomes his protégée and learns the assassin's trade.",Luc Besson ,"Jean Reno, Gary Oldman, Natalie Portman, Danny Aiello",938208,$19.50M
26,27,Se7en,1995,127 min,"Crime, Drama, Mystery            ",8.6,"Two detectives, a rookie and a veteran, hunt a serial killer who uses the seven deadly sins as his motives.",David Fincher ,"Morgan Freeman, Brad Pitt, Kevin Spacey, Andrew Kevin Walker",1303959,$100.13M
27,28,Saving Private Ryan,1998,169 min,"Drama, War            ",8.6,"Following the Normandy Landings, a group of U.S. soldiers go behind enemy lines to retrieve a paratrooper whose brothers have been killed in action.",Steven Spielberg ,"Tom Hanks, Matt Damon, Tom Sizemore, Edward Burns",1124869,$216.54M
28,29,The Usual Suspects,1995,106 min,"Crime, Mystery, Thriller            ",8.5,"A sole survivor tells of the twisty events leading up to a horrific gun battle on a boat, which began when five criminals met at a seemingly random police lineup.",Bryan Singer ,"Kevin Spacey, Gabriel Byrne, Chazz Palminteri, Stephen Baldwin",916515,$23.34M
29,30,Sen to Chihiro no kamikakushi,2001,125 min,"Animation, Adventure, Family            ",8.6,"During her family's move to the suburbs, a sullen 10-year-old girl wanders into a world ruled by gods, witches, and spirits, and where humans are changed into beasts.","Hayao Miyazaki, Kirk Wise ","Daveigh Chase, Suzanne Pleshette, Miyu Irino, Rumi Hiiragi",566282,$10.06M
30,31,La vita è bella,1997,116 min,"Comedy, Drama, Romance            ",8.6,"When an open-minded Jewish librarian and his son become victims of the Holocaust, he uses a perfect mixture of will, humor, and imagination to protect his son from the dangers around their camp.",Roberto Benigni ,"Roberto Benigni, Nicoletta Braschi, Giorgio Cantarini, Giustino Durano",560392,$57.60M
31,32,The Intouchables,2011,112 min,"Biography, Comedy, Drama            ",8.5,"After he becomes a quadriplegic from a paragliding accident, an aristocrat hires a young man from the projects to be his caregiver.","Olivier Nakache, Éric Toledano ","François Cluzet, Omar Sy, Anne Le Ny, Audrey Fleurot",685789,$13.18M
32,33,Once Upon a Time in the West,1968,165 min,Western            ,8.5,A mysterious stranger with a harmonica joins forces with a notorious desperado to protect a beautiful widow from a ruthless assassin working for the railroad.,Sergio Leone ,"Henry Fonda, Charles Bronson, Claudia Cardinale, Jason Robards",275018,$5.32M
33,34,It's a Wonderful Life,1946,130 min,"Drama, Family, Fantasy            ",8.6,An angel is sent from Heaven to help a desperately frustrated businessman by showing him what life would have been like if he had never existed.,Frank Capra ,"James Stewart, Donna Reed, Lionel Barrymore, Thomas Mitchell",361466,
34,35,City Lights,1931,87 min,"Comedy, Drama, Romance            ",8.5,"With the aid of a wealthy erratic tippler, a dewy-eyed tramp who has fallen in love with a sightless flower girl accumulates money to be able to help her medically.",Charles Chaplin ,"Charles Chaplin, Virginia Cherrill, Florence Lee, Harry Myers",149906,$0.02M
35,36,Babam ve Oglum,2005,108 min,"Drama, Family            ",8.3,The family of a left-wing journalist is torn apart after a military coup in 1980's Turkey.,Çagan Irmak ,"Çetin Tekindor, Fikret Kuskan, Hümeyra, Ege Tanman",68974,
36,37,Alien,1979,117 min,"Horror, Sci-Fi            ",8.4,"After a space merchant vessel perceives an unknown transmission as a distress call, its landing on the source moon finds one of the crew attacked by a mysterious lifeform, and they soon realize that its life cycle has merely begun.",Ridley Scott ,"Sigourney Weaver, Tom Skerritt, John Hurt, Veronica Cartwright",722335,$78.90M
37,38,The Prestige,2006,130 min,"Drama, Mystery, Sci-Fi            ",8.5,"After a tragic accident, two stage magicians engage in a battle to create the ultimate illusion while sacrificing everything they have to outwit each other.",Christopher Nolan ,"Christian Bale, Hugh Jackman, Scarlett Johansson, Michael Caine",1078132,$53.09M
38,39,Gladiator,2000,155 min,"Action, Adventure, Drama            ",8.5,A former Roman General sets out to exact vengeance against the corrupt emperor who murdered his family and sent him into slavery.,Ridley Scott ,"Russell Crowe, Joaquin Phoenix, Connie Nielsen, Oliver Reed",1225893,$187.71M
39,40,The Dark Knight Rises,2012,164 min,"Action, Thriller            ",8.4,"Eight years after the Joker's reign of anarchy, Batman, with the help of the enigmatic Catwoman, is forced from his exile to save Gotham City, now on the edge of total annihilation, from the brutal guerrilla terrorist Bane.",Christopher Nolan ,"Christian Bale, Tom Hardy, Anne Hathaway, Gary Oldman",1400354,$448.14M
40,41,Whiplash,2014,106 min,"Drama, Music            ",8.5,A promising young drummer enrolls at a cut-throat music conservatory where his dreams of greatness are mentored by an instructor who will stop at nothing to realize a student's potential.,Damien Chazelle ,"Miles Teller, J.K. Simmons, Melissa Benoist, Paul Reiser",626771,$13.09M
41,42,Memento,2000,113 min,"Mystery, Thriller            ",8.4,A man with short-term memory loss attempts to track down his wife's murderer.,Christopher Nolan ,"Guy Pearce, Carrie-Anne Moss, Joe Pantoliano, Mark Boone Junior",1039902,$25.54M
42,43,The Green Mile,1999,189 min,"Crime, Drama, Fantasy            ",8.6,"The lives of guards on Death Row are affected by one of their charges: a black man accused of child murder and rape, yet who has a mysterious gift.",Frank Darabont ,"Tom Hanks, Michael Clarke Duncan, David Morse, Bonnie Hunt",1029935,$136.80M
43,44,Apocalypse Now,1979,147 min,"Drama, War            ",8.4,A U.S. Army officer serving in Vietnam is tasked with assassinating a renegade Special Forces Colonel who sees himself as a god.,Francis Ford Coppola ,"Martin Sheen, Marlon Brando, Robert Duvall, Frederic Forrest",555037,$83.47M
44,45,Psycho,1960,109 min,"Horror, Mystery, Thriller            ",8.5,"A Phoenix secretary embezzles forty thousand dollars from her employer's client, goes on the run, and checks into a remote motel run by a young man under the domination of his mother.",Alfred Hitchcock ,"Anthony Perkins, Janet Leigh, Vera Miles, John Gavin",545165,$32.00M
45,46,Raiders of the Lost Ark,1981,115 min,"Action, Adventure            ",8.5,"In 1936, archaeologist and adventurer Indiana Jones is hired by the U.S. government to find the Ark of the Covenant before Adolf Hitler's Nazis can obtain its awesome powers.",Steven Spielberg ,"Harrison Ford, Karen Allen, Paul Freeman, John Rhys-Davies",821304,$248.16M
46,47,Terminator 2: Judgment Day,1991,137 min,"Action, Sci-Fi            ",8.5,"A cyborg, identical to the one who failed to kill Sarah Connor, must now protect her teenage son, John Connor, from a more advanced and powerful cyborg.",James Cameron ,"Arnold Schwarzenegger, Linda Hamilton, Edward Furlong, Robert Patrick",918102,$204.84M
47,48,The Pianist,2002,150 min,"Biography, Drama, Music            ",8.5,A Polish Jewish musician struggles to survive the destruction of the Warsaw ghetto of World War II.,Roman Polanski ,"Adrien Brody, Thomas Kretschmann, Frank Finlay, Emilia Fox",652384,$32.57M
48,49,The Lives of Others,2006,137 min,"Drama, Thriller            ",8.4,"In 1984 East Berlin, an agent of the secret police, conducting surveillance on a writer and his lover, finds himself becoming increasingly absorbed by their lives.",Florian Henckel von Donnersmarck ,"Ulrich Mühe, Martina Gedeck, Sebastian Koch, Ulrich Tukur",326750,$11.29M
49,50,Dr. Strangelove or: How I Learned to Stop Worrying and Love the Bomb,1964,95 min,Comedy            ,8.4,An insane general triggers a path to nuclear holocaust that a War Room full of politicians and generals frantically tries to stop.,Stanley Kubrick ,"Peter Sellers, George C. Scott, Sterling Hayden, Keenan Wynn",418856,$0.28M
50,51,American History X,1998,119 min,Drama            ,8.5,A former neo-nazi skinhead tries to prevent his younger brother from going down the same wrong path that he did.,Tony Kaye ,"Edward Norton, Edward Furlong, Beverly D'Angelo, Jennifer Lien",960285,$6.72M
51,52,Back to the Future,1985,116 min,"Adventure, Comedy, Sci-Fi            ",8.5,"Marty McFly, a 17-year-old high school student, is accidentally sent thirty years into the past in a time-traveling DeLorean invented by his close friend, the maverick scientist Doc Brown.",Robert Zemeckis ,"Michael J. Fox, Christopher Lloyd, Lea Thompson, Crispin Glover",948902,$210.61M
52,53,Casino,1995,178 min,"Crime, Drama            ",8.2,"A tale of greed, deception, money, power, and murder occur between two best friends: a mafia enforcer and a casino executive, compete against each other over a gambling empire, and over a fast living and fast loving socialite.",Martin Scorsese ,"Robert De Niro, Sharon Stone, Joe Pesci, James Woods",418405,$42.44M
53,54,Die Hard,1988,132 min,"Action, Thriller            ",8.2,An NYPD officer tries to save his wife and several others taken hostage by German terrorists during a Christmas party at the Nakatomi Plaza in Los Angeles.,John McTiernan ,"Bruce Willis, Alan Rickman, Bonnie Bedelia, Reginald VelJohnson",726739,$83.01M
54,55,The Elephant Man,1980,124 min,"Biography, Drama            ",8.2,"A Victorian surgeon rescues a heavily disfigured man who is mistreated while scraping a living as a side-show freak. Behind his monstrous façade, there is revealed a person of kindness, intelligence and sophistication.",David Lynch ,"Anthony Hopkins, John Hurt, Anne Bancroft, John Gielgud",202184,
55,56,Finding Nemo,2003,100 min,"Animation, Adventure, Comedy            ",8.1,"After his son is captured in the Great Barrier Reef and taken to Sydney, a timid clownfish sets out on a journey to bring him home.","Andrew Stanton, Lee Unkrich ","Albert Brooks, Ellen DeGeneres, Alexander Gould, Willem Dafoe",877239,$380.84M
56,57,Gran Torino,2008,116 min,Drama            ,8.1,"Disgruntled Korean War veteran Walt Kowalski sets out to reform his neighbor, a Hmong teenager who tried to steal Kowalski's prized possession: a 1972 Gran Torino.",Clint Eastwood ,"Clint Eastwood, Bee Vang, Christopher Carley, Ahney Her",675006,$148.10M
57,58,Harry Potter and the Sorcerer's Stone,2001,152 min,"Adventure, Family, Fantasy            ",7.6,"An orphaned boy enrolls in a school of wizardry, where he learns the truth about himself, his family and the terrible evil that haunts the magical world.",Chris Columbus ,"Daniel Radcliffe, Rupert Grint, Richard Harris, Maggie Smith",576491,$317.58M
58,59,Indiana Jones and the Temple of Doom,1984,118 min,"Action, Adventure            ",7.6,"In 1935, Indiana Jones arrives in India, still part of the British Empire, and is asked to find a mystical stone. He then stumbles upon a secret cult committing enslavement and human sacrifices in the catacombs of an ancient palace.",Steven Spielberg ,"Harrison Ford, Kate Capshaw, Jonathan Ke Quan, Amrish Puri",410379,$179.87M
59,60,Jurassic Park,1993,127 min,"Action, Adventure, Sci-Fi            ",8.1,"During a preview tour, a theme park suffers a major power breakdown that allows its cloned dinosaur exhibits to run amok.",Steven Spielberg ,"Sam Neill, Laura Dern, Jeff Goldblum, Richard Attenborough",791483,$402.45M
60,61,Kill Bill: Vol. 1,2003,111 min,"Action, Crime, Thriller            ",8.1,"After awakening from a four-year coma, a former assassin wreaks vengeance on the team of assassins who betrayed her.",Quentin Tarantino ,"Uma Thurman, David Carradine, Daryl Hannah, Michael Madsen",916431,$70.10M
61,62,Logan,2017,137 min,"Action, Drama, Sci-Fi            ",8.1,"In a future where mutants are nearly extinct, an elderly and weary Logan leads a quiet life. But when Laura, a mutant child pursued by scientists, comes to him for help, he must get her to safety.",James Mangold ,"Hugh Jackman, Patrick Stewart, Dafne Keen, Boyd Holbrook",571656,$226.28M
62,63,"Monsters, Inc.",2001,92 min,"Animation, Adventure, Comedy            ",8,"In order to power the city, monsters have to scare children so that they scream. However, the children are toxic to the monsters, and after a child gets through, 2 monsters realize things may not be what they think.","Pete Docter, David Silverman, Lee Unkrich ","Billy Crystal, John Goodman, Mary Gibbs, Steve Buscemi",748723,$289.92M
63,64,Night of the Living Dead,1968,96 min,Horror            ,7.9,"A ragtag group of Pennsylvanians barricade themselves in an old farmhouse to remain safe from a bloodthirsty, flesh-eating breed of monsters who are ravaging the East Coast of the United States.",George A. Romero ,"Duane Jones, Judith O'Dea, Karl Hardman, Marilyn Eastman",106077,$0.09M
64,65,Ocean's Eleven,2001,116 min,"Crime, Thriller            ",7.8,Danny Ocean and his eleven accomplices plan to rob three Las Vegas casinos simultaneously.,Steven Soderbergh ,"George Clooney, Brad Pitt, Julia Roberts, Matt Damon",477853,$183.42M
65,66,Pirates of the Caribbean: The Curse of the Black Pearl,2003,143 min,"Action, Adventure, Fantasy            ",8,"Blacksmith Will Turner teams up with eccentric pirate ""Captain"" Jack Sparrow to save his love, the governor's daughter, from Jack's former pirate allies, who are now undead.",Gore Verbinski ,"Johnny Depp, Geoffrey Rush, Orlando Bloom, Keira Knightley",970951,$305.41M
66,67,Quantum of Solace,2008,106 min,"Action, Adventure, Thriller            ",6.6,James Bond descends into mystery as he tries to stop a mysterious organization from eliminating a country's most valuable resource.,Marc Forster ,"Daniel Craig, Olga Kurylenko, Mathieu Amalric, Judi Dench",379906,$168.37M
67,68,Rocky,1976,120 min,"Drama, Sport            ",8.1,A small-time boxer gets a supremely rare chance to fight a heavy-weight champion in a bout in which he strives to go the distance for his self-respect.,John G. Avildsen ,"Sylvester Stallone, Talia Shire, Burt Young, Carl Weathers",477517,$117.24M
68,69,Shrek,2001,90 min,"Animation, Adventure, Comedy            ",7.8,"A mean lord exiles fairytale creatures to the swamp of a grumpy ogre, who must go on a quest and rescue a princess for the lord in order to get his land back.","Andrew Adamson, Vicky Jenson ","Mike Myers, Eddie Murphy, Cameron Diaz, John Lithgow",568394,$267.67M
69,70,Taken,I) (,94 min,"Action, Thriller            ",7.8,"A retired CIA agent travels across Europe and relies on his old skills to save his estranged daughter, who has been kidnapped while on a trip to Paris.",Pierre Morel ,"Liam Neeson, Maggie Grace, Famke Janssen, Leland Orser",541172,$145.00M
70,71,Up,2009,96 min,"Animation, Adventure, Comedy            ",8.2,"Seventy-eight year old Carl Fredricksen travels to Paradise Falls in his home equipped with balloons, inadvertently taking a young stowaway.","Pete Docter, Bob Peterson ","Edward Asner, Jordan Nagai, John Ratzenberger, Christopher Plummer",856453,$293.00M
71,72,V for Vendetta,2005,132 min,"Action, Drama, Sci-Fi            ",8.2,"In a future British tyranny, a shadowy freedom fighter, known only by the alias of ""V"", plots to overthrow it with the help of a young woman.",James McTeigue ,"Hugo Weaving, Natalie Portman, Rupert Graves, Stephen Rea",959882,$70.51M
72,73,WALL·E,2008,98 min,"Animation, Adventure, Family            ",8.4,"In the distant future, a small waste-collecting robot inadvertently embarks on a space journey that will ultimately decide the fate of mankind.",Andrew Stanton ,"Ben Burtt, Elissa Knight, Jeff Garlin, Fred Willard",917343,$223.81M
73,74,X-Men,2000,104 min,"Action, Adventure, Sci-Fi            ",7.4,"In a world where mutants (evolved super-powered humans) exist and are discriminated against, two groups form for an inevitable clash: the supremacist Brotherhood, and the pacifist X-Men.",Bryan Singer ,"Patrick Stewart, Hugh Jackman, Ian McKellen, Famke Janssen",541076,$157.30M
74,75,Young Frankenstein,1974,106 min,Comedy            ,8,"An American grandson of the infamous scientist, struggling to prove that his grandfather was not as insane as people believe, is invited to Transylvania, where he discovers the process that reanimates a dead body.",Mel Brooks ,"Gene Wilder, Madeline Kahn, Marty Feldman, Peter Boyle",134175,$86.30M
75,76,Zulu,1964,138 min,"Drama, History, War            ",7.7,Outnumbered British soldiers do battle with Zulu warriors at Rorke's Drift.,Cy Endfield ,"Stanley Baker, Jack Hawkins, Ulla Jacobsson, James Booth",33512,
76,77,Casablanca,1942,102 min,"Drama, Romance, War            ",8.5,A cynical American expatriate struggles to decide whether or not he should help his former lover and her fugitive husband escape French Morocco.,Michael Curtiz ,"Humphrey Bogart, Ingrid Bergman, Paul Henreid, Claude Rains",481620,$1.02M
77,78,Rear Window,1954,112 min,"Mystery, Thriller            ",8.5,A wheelchair-bound photographer spies on his neighbors from his apartment window and becomes convinced one of them has committed murder.,Alfred Hitchcock ,"James Stewart, Grace Kelly, Wendell Corey, Thelma Ritter",404137,$36.76M
78,79,Sunset Blvd.,1950,110 min,"Drama, Film-Noir            ",8.4,A screenwriter develops a dangerous relationship with a faded film star determined to make a triumphant return.,Billy Wilder ,"William Holden, Gloria Swanson, Erich von Stroheim, Nancy Olson",181897,
79,80,Hotaru no haka,1988,89 min,"Animation, Drama, War            ",8.5,A young boy and his little sister struggle to survive in Japan during World War II.,Isao Takahata ,"Tsutomu Tatsumi, Ayano Shiraishi, Akemi Yamaguchi, Yoshiko Shinohara",200650,
80,81,Nuovo Cinema Paradiso,1988,155 min,Drama            ,8.5,A filmmaker recalls his childhood when falling in love with the pictures at the cinema of his home village and forms a deep friendship with the cinema's projectionist.,Giuseppe Tornatore ,"Philippe Noiret, Enzo Cannavale, Antonella Attili, Isa Danieli",204688,$11.99M
81,82,The Great Dictator,1940,125 min,"Comedy, Drama, War            ",8.5,Dictator Adenoid Hynkel tries to expand his empire while a poor Jewish barber tries to avoid persecution from Hynkel's regime.,Charles Chaplin ,"Charles Chaplin, Paulette Goddard, Jack Oakie, Reginald Gardiner",183488,
82,83,Modern Times,1936,87 min,"Comedy, Drama, Family            ",8.5,The Tramp struggles to live in modern industrial society with the help of a young homeless woman.,Charles Chaplin ,"Charles Chaplin, Paulette Goddard, Henry Bergman, Tiny Sandford",193827,$0.16M
83,84,Paths of Glory,1957,88 min,"Drama, War            ",8.4,"After refusing to attack an enemy position, a general accuses the soldiers of cowardice and their commanding officer must defend them.",Stanley Kubrick ,"Kirk Douglas, Ralph Meeker, Adolphe Menjou, George Macready",159220,
84,85,Taare Zameen Par,2007,165 min,"Drama, Family            ",8.4,"An eight-year-old boy is thought to be a lazy trouble-maker, until the new art teacher has the patience and compassion to discover the real problem behind his struggles in school.","Aamir Khan, Amole Gupte ","Darsheel Safary, Aamir Khan, Tisca Chopra, Vipin Sharma",145132,$1.22M
85,86,Aliens,1986,137 min,"Action, Adventure, Sci-Fi            ",8.4,"Ellen Ripley is rescued by a deep salvage team after being in hypersleep for 57 years. The moon that the Nostromo visited has been colonized, but contact is lost. This time, colonial marines have impressive firepower, but will that be enough?",James Cameron ,"Sigourney Weaver, Michael Biehn, Carrie Henn, Paul Reiser",606631,$85.16M
86,87,Django Unchained,2012,165 min,"Drama, Western            ",8.4,"With the help of a German bounty hunter, a freed slave sets out to rescue his wife from a brutal Mississippi plantation owner.",Quentin Tarantino ,"Jamie Foxx, Christoph Waltz, Leonardo DiCaprio, Kerry Washington",1226290,$162.81M
87,88,American Beauty,1999,122 min,Drama            ,8.3,A sexually frustrated suburban father has a mid-life crisis after becoming infatuated with his daughter's best friend.,Sam Mendes ,"Kevin Spacey, Annette Bening, Thora Birch, Wes Bentley",998138,$130.10M
88,89,The Shining,1980,146 min,"Drama, Horror            ",8.4,"A family heads to an isolated hotel for the winter where a sinister presence influences the father into violence, while his psychic son sees horrific forebodings from both past and future.",Stanley Kubrick ,"Jack Nicholson, Shelley Duvall, Danny Lloyd, Scatman Crothers",792547,$44.02M
89,90,Requiem for a Dream,2000,102 min,Drama            ,8.3,The drug-induced utopias of four Coney Island people are shattered when their addictions run deep.,Darren Aronofsky ,"Ellen Burstyn, Jared Leto, Jennifer Connelly, Marlon Wayans",707021,$3.64M
90,91,Braveheart,1995,178 min,"Biography, Drama, History            ",8.3,"When his secret bride is executed for assaulting an English soldier who tried to rape her, William Wallace begins a revolt against King Edward I of England.",Mel Gibson ,"Mel Gibson, Sophie Marceau, Patrick McGoohan, Angus Macfadyen",898689,$75.60M
91,92,Oldeuboi,2003,101 min,"Action, Drama, Mystery            ",8.4,"After being kidnapped and imprisoned for fifteen years, Oh Dae-Su is released, only to find that he must find his captor in five days.",Chan-wook Park ,"Min-sik Choi, Ji-tae Yu, Hye-jeong Kang, Dae-han Ji",464427,$0.71M
92,93,Star Wars: Episode VI - Return of the Jedi,1983,131 min,"Action, Adventure, Fantasy            ",8.3,"After a daring mission to rescue Han Solo from Jabba the Hutt, the Rebels dispatch to Endor to destroy the second Death Star. Meanwhile, Luke struggles to help Darth Vader back from the dark side without falling into the Emperor's trap.",Richard Marquand ,"Mark Hamill, Harrison Ford, Carrie Fisher, Billy Dee Williams",870593,$309.13M
93,94,North by Northwest,1959,136 min,"Adventure, Mystery, Thriller            ",8.3,A New York City advertising executive goes on the run after being mistaken for a government agent by a group of foreign spies.,Alfred Hitchcock ,"Cary Grant, Eva Marie Saint, James Mason, Jessie Royce Landis",275121,$13.28M
94,95,Amélie,2001,122 min,"Comedy, Romance            ",8.3,"Amélie is an innocent and naive girl in Paris with her own sense of justice. She decides to help those around her and, along the way, discovers love.",Jean-Pierre Jeunet ,"Audrey Tautou, Mathieu Kassovitz, Rufus, Lorella Cravotta",657763,$33.23M
95,96,Once Upon a Time in America,1984,229 min,"Crime, Drama            ",8.4,"A former Prohibition-era Jewish gangster returns to the Lower East Side of Manhattan over thirty years later, where he once again must confront the ghosts and regrets of his old life.",Sergio Leone ,"Robert De Niro, James Woods, Elizabeth McGovern, Treat Williams",281236,$5.32M
96,97,3 Idiots,2009,170 min,"Comedy, Drama            ",8.4,"Two friends are searching for their long lost companion. They revisit their college days and recall the memories of their friend who inspired them to think differently, even as the rest of the world called them ""idiots"".",Rajkumar Hirani ,"Aamir Khan, Madhavan, Mona Singh, Sharman Joshi",304718,$6.53M
97,98,Mononoke-hime,1997,134 min,"Animation, Adventure, Fantasy            ",8.4,"On a journey to find the cure for a Tatarigami's curse, Ashitaka finds himself in the middle of a war between the forest gods and Tatara, a mining colony. In this quest he also meets San, the Mononoke Hime.",Hayao Miyazaki ,"Yôji Matsuda, Yuriko Ishida, Yûko Tanaka, Billy Crudup",298812,$2.38M
98,99,Vertigo,1958,128 min,"Mystery, Romance, Thriller            ",8.3,A former police detective juggles wrestling with his personal demons and becoming obsessed with a hauntingly beautiful woman.,Alfred Hitchcock ,"James Stewart, Kim Novak, Barbara Bel Geddes, Tom Helmore",324713,$3.20M
99,100,Citizen Kane,1941,119 min,"Drama, Mystery            ",8.3,"Following the death of publishing tycoon, Charles Foster Kane, reporters scramble to uncover the meaning of his final utterance; 'Rosebud'.",Orson Welles ,"Orson Welles, Joseph Cotten, Dorothy Comingore, Agnes Moorehead",367251,$1.59M
100,101,Das Boot,1981,149 min,"Adventure, Drama, Thriller            ",8.3,"The claustrophobic world of a WWII German U-boat; boredom, filth and sheer terror.",Wolfgang Petersen ,"Jürgen Prochnow, Herbert Grönemeyer, Klaus Wennemann, Hubertus Bengsch",212762,$11.49M
101,102,M - Eine Stadt sucht einen Mörder,1931,117 min,"Crime, Mystery, Thriller            ",8.3,"When the police in a German city are unable to catch a child-murderer, other criminals join in the manhunt.",Fritz Lang ,"Peter Lorre, Ellen Widmann, Inge Landgut, Otto Wernicke",129939,$0.03M
102,103,Jodaeiye Nader az Simin,2011,123 min,"Drama, Thriller            ",8.3,A married couple are faced with a difficult decision - to improve the life of their child by moving to another country or to stay in Iran and look after a deteriorating parent who has Alzheimer's disease.,Asghar Farhadi ,"Payman Maadi, Leila Hatami, Sareh Bayat, Shahab Hosseini",199890,$7.10M
103,104,Bacheha-Ye aseman,1997,89 min,"Drama, Family            ",8.3,"After a boy loses his sister's pair of shoes, he goes on a series of adventures in order to find them. When he can't, he tries a new way to ""win"" a new pair.",Majid Majidi ,"Mohammad Amir Naji, Amir Farrokh Hashemian, Bahare Seddiqi, Nafise Jafar-Mohammadi",54762,$0.93M
104,105,Witness for the Prosecution,1957,116 min,"Crime, Drama, Mystery            ",8.4,A veteran British barrister must defend his client in a murder trial that has surprise after surprise.,Billy Wilder ,"Tyrone Power, Marlene Dietrich, Charles Laughton, Elsa Lanchester",94318,$8.18M
105,106,Drishyam,2015,163 min,"Crime, Drama, Mystery            ",8.3,"Desperate measures are taken by a man who tries to save his family from the dark side of the law, after they commit an unexpected crime.",Nishikant Kamat ,"Ajay Devgn, Shriya Saran, Tabu, Rajat Kapoor",56265,$0.74M
106,107,Eskiya,1996,128 min,"Crime, Drama, Thriller            ",8.3,"Baran the Bandit, released from prison after 35 years searches for vengeance and his lover.",Yavuz Turgul ,"Sener Sen, Ugur Yücel, Sermin Hürmeriç, Yesim Salkim",56193,
107,108,La La Land,I) (,128 min,"Comedy, Drama, Music            ",8,"While navigating their careers in Los Angeles, a pianist and an actress fall in love while attempting to reconcile their aspirations for the future.",Damien Chazelle ,"Ryan Gosling, Emma Stone, Rosemarie DeWitt, J.K. Simmons",442495,$151.10M
108,109,Inglourious Basterds,2009,153 min,"Adventure, Drama, War            ",8.3,"In Nazi-occupied France during World War II, a plan to assassinate Nazi leaders by a group of Jewish U.S. soldiers coincides with a theatre owner's vengeful plans for the same.",Quentin Tarantino ,"Brad Pitt, Diane Kruger, Eli Roth, Mélanie Laurent",1136216,$120.54M
109,110,Good Will Hunting,1997,126 min,"Drama, Romance            ",8.3,"Will Hunting, a janitor at M.I.T., has a gift for mathematics, but needs help from a psychologist to find direction in his life.",Gus Van Sant ,"Robin Williams, Matt Damon, Ben Affleck, Stellan Skarsgård",776786,$138.43M
110,111,Snatch,2000,104 min,"Comedy, Crime            ",8.3,"Unscrupulous boxing promoters, violent bookmakers, a Russian gangster, incompetent amateur robbers and supposedly Jewish jewelers fight to track down a priceless stolen diamond.",Guy Ritchie ,"Jason Statham, Brad Pitt, Benicio Del Toro, Dennis Farina",725361,$30.33M
111,112,Batman Begins,2005,140 min,"Action, Adventure            ",8.2,"After training with his mentor, Batman begins his fight to free crime-ridden Gotham City from corruption.",Christopher Nolan ,"Christian Bale, Michael Caine, Ken Watanabe, Liam Neeson",1205943,$206.85M
112,113,Taxi Driver,1976,114 min,"Crime, Drama            ",8.3,"A mentally unstable veteran works as a nighttime taxi driver in New York City, where the perceived decadence and sleaze fuels his urge for violent action by attempting to liberate a presidential campaign worker and an underage prostitute.",Martin Scorsese ,"Robert De Niro, Jodie Foster, Cybill Shepherd, Albert Brooks",644993,$28.26M
113,114,Eternal Sunshine of the Spotless Mind,2004,108 min,"Drama, Romance, Sci-Fi            ",8.3,"When their relationship turns sour, a couple undergoes a medical procedure to have each other erased from their memories.",Michel Gondry ,"Jim Carrey, Kate Winslet, Tom Wilkinson, Gerry Robert Byrne",833403,$34.40M
114,115,A Clockwork Orange,1971,136 min,"Crime, Drama, Sci-Fi            ",8.3,"In the future, a sadistic gang leader is imprisoned and volunteers for a conduct-aversion experiment, but it doesn't go as planned.",Stanley Kubrick ,"Malcolm McDowell, Patrick Magee, Michael Bates, Warren Clarke",697029,
115,116,Reservoir Dogs,1992,99 min,"Crime, Drama, Thriller            ",8.3,"When a simple jewelry heist goes horribly wrong, the surviving criminals begin to suspect that one of them is a police informant.",Quentin Tarantino ,"Harvey Keitel, Tim Roth, Michael Madsen, Chris Penn",836197,$2.83M
116,117,Full Metal Jacket,1987,116 min,"Drama, War            ",8.3,A pragmatic U.S. Marine observes the dehumanizing effects the Vietnam War has on his fellow recruits from their brutal boot camp training to the bloody street fighting in Hue.,Stanley Kubrick ,"Matthew Modine, R. Lee Ermey, Vincent D'Onofrio, Adam Baldwin",616808,$46.36M
117,118,2001: A Space Odyssey,1968,149 min,"Adventure, Sci-Fi            ",8.3,"After discovering a mysterious artifact buried beneath the Lunar surface, mankind sets off on a quest to find its origins with help from intelligent supercomputer H.A.L. 9000.",Stanley Kubrick ,"Keir Dullea, Gary Lockwood, William Sylvester, Daniel Richter",549107,$56.95M
118,119,Der Untergang,2004,156 min,"Biography, Drama, History            ",8.2,"Traudl Junge, the final secretary for Adolf Hitler, tells of the Nazi dictator's final days in his Berlin bunker at the end of WWII.",Oliver Hirschbiegel ,"Bruno Ganz, Alexandra Maria Lara, Ulrich Matthes, Juliane Köhler",308587,$5.51M
119,120,Jagten,2012,115 min,Drama            ,8.3,"A teacher lives a lonely life, all the while struggling over his son's custody. His life slowly gets better as he finds love and receives good news from his son, but his new luck is about to be brutally shattered by an innocent little lie.",Thomas Vinterberg ,"Mads Mikkelsen, Thomas Bo Larsen, Annika Wedderkopp, Lasse Fogelstrøm",245782,$0.69M
120,121,L.A. Confidential,1997,138 min,"Crime, Drama, Mystery            ",8.2,"As corruption grows in 1950s Los Angeles, three policemen -- one strait-laced, one brutal, and one sleazy -- investigate a series of murders with their own brand of justice.",Curtis Hanson ,"Kevin Spacey, Russell Crowe, Guy Pearce, Kim Basinger",497903,$64.62M
121,122,American Psycho,2000,101 min,"Crime, Drama            ",7.6,"A wealthy New York City investment banking executive, Patrick Bateman, hides his alternate psychopathic ego from his co-workers and friends as he delves deeper into his violent, hedonistic fantasies.",Mary Harron ,"Christian Bale, Justin Theroux, Josh Lucas, Bill Sage",436204,$15.07M
122,123,Beauty and the Beast,1991,84 min,"Animation, Family, Fantasy            ",8,A prince cursed to spend his days as a hideous monster sets out to regain his humanity by earning a young woman's love.,"Gary Trousdale, Kirk Wise ","Paige O'Hara, Robby Benson, Jesse Corti, Rex Everhart",394231,$218.97M
123,124,The Departed,2006,151 min,"Crime, Drama, Thriller            ",8.5,An undercover cop and a mole in the police attempt to identify each other while infiltrating an Irish gang in South Boston.,Martin Scorsese ,"Leonardo DiCaprio, Matt Damon, Jack Nicholson, Mark Wahlberg",1087464,$132.38M
124,125,Fargo,1996,98 min,"Crime, Drama, Thriller            ",8.1,Jerry Lundegaard's inept crime falls apart due to his and his henchmen's bungling and the persistent police work of the quite pregnant Marge Gunderson.,"Joel Coen, Ethan Coen ","William H. Macy, Frances McDormand, Steve Buscemi, Peter Stormare",566936,$24.61M
125,126,The Jungle Book,2016,106 min,"Adventure, Drama, Family            ",7.4,"After a threat from the tiger Shere Khan forces him to flee the jungle, a man-cub named Mowgli embarks on a journey of self discovery with the help of panther Bagheera and free-spirited bear Baloo.",Jon Favreau ,"Neel Sethi, Bill Murray, Ben Kingsley, Idris Elba",243584,$364.00M
126,127,The Lion King,1994,88 min,"Animation, Adventure, Drama            ",8.5,"A Lion cub crown prince is tricked by a treacherous uncle into thinking he caused his father's death and flees into exile in despair, only to learn in adulthood his identity and his responsibilities.","Roger Allers, Rob Minkoff ","Matthew Broderick, Jeremy Irons, James Earl Jones, Whoopi Goldberg",854614,$422.78M
127,128,Mary Poppins,1964,139 min,"Comedy, Family, Fantasy            ",7.8,"In turn of the century London, a magical nanny employs music and adventure to help two neglected children become closer to their father.",Robert Stevenson ,"Julie Andrews, Dick Van Dyke, David Tomlinson, Glynis Johns",144804,$102.27M
128,129,Planet of the Apes,1968,112 min,"Adventure, Sci-Fi            ",8,"An astronaut crew crash-lands on a planet in the distant future where intelligent talking apes are the dominant species, and humans are the oppressed and enslaved.",Franklin J. Schaffner ,"Charlton Heston, Roddy McDowall, Kim Hunter, Maurice Evans",156867,$33.40M
129,130,Scarface,1983,170 min,"Crime, Drama            ",8.3,"In Miami in 1980, a determined Cuban immigrant takes over a drug cartel and succumbs to greed.",Brian De Palma ,"Al Pacino, Michelle Pfeiffer, Steven Bauer, Mary Elizabeth Mastrantonio",672205,$45.60M
130,131,The Wolf of Wall Street,2013,180 min,"Biography, Crime, Drama            ",8.2,"Based on the true story of Jordan Belfort, from his rise to a wealthy stock-broker living the high life to his fall involving crime, corruption and the federal government.",Martin Scorsese ,"Leonardo DiCaprio, Jonah Hill, Margot Robbie, Matthew McConaughey",1049123,$116.90M
131,132,Toy Story,1995,81 min,"Animation, Adventure, Comedy            ",8.3,A cowboy doll is profoundly threatened and jealous when a new spaceman figure supplants him as top toy in a boy's room.,John Lasseter ,"Tom Hanks, Tim Allen, Don Rickles, Jim Varney",808566,$191.80M
132,133,Amadeus,1984,160 min,"Biography, Drama, History            ",8.3,"The life, success and troubles of Wolfgang Amadeus Mozart, as told by Antonio Salieri, the contemporaneous composer who was insanely jealous of Mozart's talent and claimed to have murdered him.",Milos Forman ,"F. Murray Abraham, Tom Hulce, Elizabeth Berridge, Roy Dotrice",340666,$51.97M
133,134,To Kill a Mockingbird,1962,129 min,"Crime, Drama            ",8.3,"Atticus Finch, a lawyer in the Depression-era South, defends a black man against an undeserved rape charge, and his children against prejudice.",Robert Mulligan ,"Gregory Peck, John Megna, Frank Overton, Rosemary Murphy",275143,
134,135,Monty Python and the Holy Grail,1975,91 min,"Adventure, Comedy, Fantasy            ",8.2,"King Arthur and his Knights of the Round Table embark on a surreal, low-budget search for the Holy Grail, encountering many, very silly obstacles.","Terry Gilliam, Terry Jones ","Graham Chapman, John Cleese, Eric Idle, Terry Gilliam",466371,$1.23M
135,136,Lawrence of Arabia,1962,216 min,"Adventure, Biography, Drama            ",8.3,"The story of T.E. Lawrence, the English officer who successfully united and led the diverse, often warring, Arab tribes during World War I in order to fight the Turks.",David Lean ,"Peter O'Toole, Alec Guinness, Anthony Quinn, Jack Hawkins",245513,$44.82M
136,137,Toy Story 3,2010,103 min,"Animation, Adventure, Comedy            ",8.3,"The toys are mistakenly delivered to a day-care center instead of the attic right before Andy leaves for college, and it's up to Woody to convince the other toys that they weren't abandoned and to return home.",Lee Unkrich ,"Tom Hanks, Tim Allen, Joan Cusack, Ned Beatty",695477,$415.00M
137,138,Some Like It Hot,1959,121 min,"Comedy, Music, Romance            ",8.2,"When two male musicians witness a mob hit, they flee the state in an all-female band disguised as women, but further complications set in.",Billy Wilder ,"Marilyn Monroe, Tony Curtis, Jack Lemmon, George Raft",223349,$25.00M
138,139,Singin' in the Rain,1952,103 min,"Comedy, Musical, Romance            ",8.3,A silent film production company and cast make a difficult transition to sound.,"Stanley Donen, Gene Kelly ","Gene Kelly, Donald O'Connor, Debbie Reynolds, Jean Hagen",199675,$8.82M
139,140,Idi i smotri,1985,142 min,"Drama, War            ",8.3,"After finding an old rifle, a young boy joins the Soviet resistance movement against ruthless German forces and experiences the horrors of World War II.",Elem Klimov ,"Aleksey Kravchenko, Olga Mironova, Liubomiras Laucevicius, Vladas Bagdonas",44404,
140,141,Metropolis,1927,153 min,"Drama, Sci-Fi            ",8.3,"In a futuristic city sharply divided between the working class and the city planners, the son of the city's mastermind falls in love with a working class prophet who predicts the coming of a savior to mediate their differences.",Fritz Lang ,"Brigitte Helm, Alfred Abel, Gustav Fröhlich, Rudolf Klein-Rogge",146118,$1.24M
141,142,The Sting,1973,129 min,"Comedy, Crime, Drama            ",8.3,Two grifters team up to pull off the ultimate con.,George Roy Hill ,"Paul Newman, Robert Redford, Robert Shaw, Charles Durning",222725,$159.60M
142,143,The Third Man,1949,104 min,"Film-Noir, Mystery, Thriller            ",8.2,"Pulp novelist Holly Martins travels to shadowy, postwar Vienna, only to find himself investigating the mysterious death of an old friend, Harry Lime.",Carol Reed ,"Orson Welles, Joseph Cotten, Alida Valli, Trevor Howard",146585,$0.45M
143,144,Per qualche dollaro in più,1965,132 min,Western            ,8.3,Two bounty hunters with the same intentions team up to track down a Western outlaw.,Sergio Leone ,"Clint Eastwood, Lee Van Cleef, Gian Maria Volontè, Mario Brega",209347,$15.00M
144,145,The Apartment,1960,125 min,"Comedy, Drama, Romance            ",8.3,"A man tries to rise in his company by letting its executives use his apartment for trysts, but complications and a romance of his own ensue.",Billy Wilder ,"Jack Lemmon, Shirley MacLaine, Fred MacMurray, Ray Walston",146339,$18.60M
145,146,Judgment at Nuremberg,1961,186 min,"Drama, War            ",8.2,"In 1948, an American court in occupied Germany tries four Nazis judged for war crimes.",Stanley Kramer ,"Spencer Tracy, Burt Lancaster, Richard Widmark, Marlene Dietrich",62526,
146,147,All About Eve,1950,138 min,Drama            ,8.2,An ingénue insinuates herself into the lives of an established but aging stage actress and her circle of theater friends.,Joseph L. Mankiewicz ,"Bette Davis, Anne Baxter, George Sanders, Celeste Holm",110614,$0.01M
147,148,Rang De Basanti,2006,167 min,"Comedy, Drama            ",8.2,"The story of six young Indians who assist an English woman to film a documentary on the freedom fighters from their past, and the events that lead them to relive the long-forgotten saga of freedom.",Rakeysh Omprakash Mehra ,"Aamir Khan, Soha Ali Khan, Siddharth, Sharman Joshi",101661,$2.20M
148,149,Double Indemnity,1944,107 min,"Crime, Drama, Film-Noir            ",8.3,An insurance representative lets himself be talked into a murder/insurance fraud scheme that arouses the suspicion of an insurance investigator.,Billy Wilder ,"Fred MacMurray, Barbara Stanwyck, Edward G. Robinson, Byron Barr",130024,$5.72M
149,150,Rashômon,1950,88 min,"Crime, Drama, Mystery            ",8.2,"The rape of a bride and the murder of her samurai husband are recalled from the perspectives of a bandit, the bride, the samurai's ghost and a woodcutter.",Akira Kurosawa ,"Toshirô Mifune, Machiko Kyô, Masayuki Mori, Takashi Shimura",137120,$0.10M
150,151,Ladri di biciclette,1948,89 min,Drama            ,8.3,"In post-war Italy, a working-class man's bicycle is stolen. He and his son set out to find it.",Vittorio De Sica ,"Lamberto Maggiorani, Enzo Staiola, Lianella Carell, Elena Altieri",129760,$0.33M
151,152,Andrei Rublev,1966,205 min,"Biography, Drama, History            ",8.2,"The life, times and afflictions of the fifteenth-century Russian iconographer St. Andrei Rublev.",Andrei Tarkovsky ,"Anatoliy Solonitsyn, Ivan Lapikov, Nikolay Grinko, Nikolay Sergeev",39609,$0.10M
152,153,Yôjinbô,1961,110 min,"Action, Comedy, Crime            ",8.3,A crafty ronin comes to a town divided by two criminal gangs and decides to play them against each other to free the town.,Akira Kurosawa ,"Toshirô Mifune, Eijirô Tôno, Tatsuya Nakadai, Yôko Tsukasa",99603,
153,154,Gangs of Wasseypur,2012,321 min,"Action, Comedy, Crime            ",8.2,"A clash between Sultan and Shahid Khan leads to the expulsion of Khan from Wasseypur, and ignites a deadly blood feud spanning three generations.",Anurag Kashyap ,"Manoj Bajpayee, Richa Chadha, Nawazuddin Siddiqui, Tigmanshu Dhulia",70001,
154,155,The Treasure of the Sierra Madre,1948,126 min,"Adventure, Drama, Western            ",8.2,"Fred Dobbs and Bob Curtin, two Americans searching for work in Mexico, convince an old prospector to help them mine for gold in the Sierra Madre Mountains.",John Huston ,"Humphrey Bogart, Walter Huston, Tim Holt, Bruce Bennett",104542,$5.01M
155,156,The Kid,1921,68 min,"Comedy, Drama, Family            ",8.3,"The Tramp cares for an abandoned child, but events put that relationship in jeopardy.",Charles Chaplin ,"Charles Chaplin, Edna Purviance, Jackie Coogan, Carl Miller",99370,$5.45M
156,157,Ikiru,1952,143 min,Drama            ,8.3,A bureaucrat tries to find a meaning in his life after he discovers he has terminal cancer.,Akira Kurosawa ,"Takashi Shimura, Nobuo Kaneko, Shin'ichi Himori, Haruo Tanaka",59426,$0.06M
157,158,A Wednesday,2008,104 min,"Crime, Drama, Mystery            ",8.2,A retiring police officer reminisces about the most astounding day of his career. About a case that was never filed but continues to haunt him in his memories - the case of a man and a Wednesday.,Neeraj Pandey ,"Anupam Kher, Naseeruddin Shah, Jimmy Sheirgill, Deepal Shaw",68382,
158,159,Sunrise: A Song of Two Humans,1927,94 min,"Drama, Romance            ",8.1,An allegorical tale about a man fighting the good and evil within him. Both sides are made flesh - one a sophisticated woman he is attracted to and the other his wife.,F.W. Murnau ,"George O'Brien, Janet Gaynor, Margaret Livingston, Bodil Rosing",43800,
159,160,La passion de Jeanne d'Arc,1928,110 min,"Biography, Drama, History            ",8.2,"In 1431, Jeanne d'Arc is placed on trial on charges of heresy. The ecclesiastical jurists attempt to force Jeanne to recant her claims of holy visions.",Carl Theodor Dreyer ,"Maria Falconetti, Eugene Silvain, André Berley, Maurice Schutz",41326,$0.02M
160,161,Sholay,1975,198 min,"Action, Adventure, Comedy            ",8.2,"After his family is murdered by a notorious and ruthless bandit, a former police officer enlists the services of two outlaws to capture the bandit.",Ramesh Sippy ,"Sanjeev Kumar, Dharmendra, Amitabh Bachchan, Amjad Khan",46882,
161,162,Munna Bhai M.B.B.S.,2003,156 min,"Comedy, Drama, Musical            ",8.2,A gangster sets out to fulfill his father's dream of becoming a doctor.,Rajkumar Hirani ,"Sanjay Dutt, Arshad Warsi, Gracy Singh, Sunil Dutt",65376,
162,163,Andaz Apna Apna,1994,160 min,"Comedy, Family, Romance            ",8.2,"Two slackers competing for the affections of an heiress, inadvertently become her protectors from an evil criminal.",Rajkumar Santoshi ,"Aamir Khan, Salman Khan, Raveena Tandon, Karisma Kapoor",45880,
163,164,Hera Pheri,2000,156 min,"Action, Comedy, Crime            ",8.2,"Three unemployed men find the answer to all their money problems when they receive a call from a kidnapper. However, things do not go as planned.",Priyadarshan ,"Akshay Kumar, Paresh Rawal, Sunil Shetty, Tabu",49048,
164,165,Hacksaw Ridge,2016,139 min,"Biography, Drama, History            ",8.1,"World War II American Army Medic Desmond T. Doss, who served during the Battle of Okinawa, refuses to kill people, and becomes the first man in American history to receive the Medal of Honor without firing a shot.",Mel Gibson ,"Andrew Garfield, Sam Worthington, Luke Bracey, Teresa Palmer",373650,$67.21M
165,166,Trainspotting,1996,93 min,Drama            ,8.1,"Renton, deeply immersed in the Edinburgh drug scene, tries to clean up and get out, despite the allure of the drugs and influence of friends.",Danny Boyle ,"Ewan McGregor, Ewen Bremner, Jonny Lee Miller, Kevin McKidd",593903,$16.50M
166,167,Blade Runner,1982,117 min,"Action, Sci-Fi, Thriller            ",8.1,"A blade runner must pursue and terminate four replicants who stole a ship in space, and have returned to Earth to find their creator.",Ridley Scott ,"Harrison Ford, Rutger Hauer, Sean Young, Edward James Olmos",635160,$32.87M
167,168,Room,I) (,118 min,"Drama, Thriller            ",8.2,"Held captive for 7 years in an enclosed space, a woman and her young son finally gain their freedom, allowing the boy to experience the outside world for the first time.",Lenny Abrahamson ,"Brie Larson, Jacob Tremblay, Sean Bridgers, Wendy Crewson",322155,$14.68M
168,169,Gone with the Wind,1939,238 min,"Drama, History, Romance            ",8.2,A manipulative woman and a roguish man conduct a turbulent romance during the American Civil War and Reconstruction periods.,"Victor Fleming, George Cukor, Sam Wood ","Clark Gable, Vivien Leigh, Thomas Mitchell, Barbara O'Neil",266580,$198.68M
169,170,Heat,1995,170 min,"Crime, Drama, Thriller            ",8.2,A group of professional bank robbers start to feel the heat from police when they unknowingly leave a clue at their latest heist.,Michael Mann ,"Al Pacino, Robert De Niro, Val Kilmer, Jon Voight",528732,$67.44M
170,171,The Big Lebowski,1998,117 min,"Comedy, Crime            ",8.1,"Jeff ""The Dude"" Lebowski, mistaken for a millionaire of the same name, seeks restitution for his ruined rug and enlists his bowling buddies to help get it.","Joel Coen, Ethan Coen ","Jeff Bridges, John Goodman, Julianne Moore, Steve Buscemi",669689,$17.50M
171,172,Warrior,2011,140 min,"Drama, Sport            ",8.2,"The youngest son of an alcoholic former boxer returns home, where he's trained by his father for competition in a mixed martial arts tournament - a path that puts the fighter on a collision course with his estranged, older brother.",Gavin O'Connor ,"Tom Hardy, Nick Nolte, Joel Edgerton, Jennifer Morrison",406721,$13.66M
172,173,Unforgiven,1992,130 min,"Drama, Western            ",8.2,"Retired Old West gunslinger William Munny reluctantly takes on one last job, with the help of his old partner and a young man.",Clint Eastwood ,"Clint Eastwood, Gene Hackman, Morgan Freeman, Richard Harris",345109,$101.16M
173,174,Pan's Labyrinth,2006,118 min,"Drama, Fantasy, War            ",8.2,"In the Falangist Spain of 1944, the bookish young stepdaughter of a sadistic army officer escapes into an eerie but captivating fantasy world.",Guillermo del Toro ,"Ivana Baquero, Ariadna Gil, Sergi López, Maribel Verdú",577094,$37.63M
174,175,Inside Out,I) (,95 min,"Animation, Adventure, Comedy            ",8.2,"After young Riley is uprooted from her Midwest life and moved to San Francisco, her emotions - Joy, Fear, Anger, Disgust and Sadness - conflict on how best to navigate a new city, house, and school.","Pete Docter, Ronnie Del Carmen ","Amy Poehler, Bill Hader, Lewis Black, Mindy Kaling",544997,$356.46M
175,176,A Beautiful Mind,2001,135 min,"Biography, Drama            ",8.2,"After John Nash, a brilliant but asocial mathematician, accepts secret work in cryptography, his life takes a turn for the nightmarish.",Ron Howard ,"Russell Crowe, Ed Harris, Jennifer Connelly, Christopher Plummer",778451,$170.74M
176,177,The Deer Hunter,1978,183 min,"Drama, War            ",8.1,An in-depth examination of the ways in which the U.S. Vietnam War impacts and disrupts the lives of people in a small industrial town in Pennsylvania.,Michael Cimino ,"Robert De Niro, Christopher Walken, John Cazale, John Savage",286805,$48.98M
177,178,The Thing,1982,109 min,"Horror, Mystery, Sci-Fi            ",8.1,A research team in Antarctica is hunted by a shape-shifting alien that assumes the appearance of its victims.,John Carpenter ,"Kurt Russell, Wilford Brimley, Keith David, Richard Masur",335341,$13.78M
178,179,"Lock, Stock and Two Smoking Barrels",1998,107 min,"Comedy, Crime            ",8.2,"A botched card game in London triggers four friends, thugs, weed-growers, hard gangsters, loan sharks and debt collectors to collide with each other in a series of unexpected events, all for the sake of weed, cash and two antique shotguns.",Guy Ritchie ,"Jason Flemyng, Dexter Fletcher, Nick Moran, Jason Statham",496947,$3.90M
179,180,Cool Hand Luke,1967,127 min,"Crime, Drama            ",8.1,"A laid back Southern man is sentenced to two years in a rural prison, but refuses to conform.",Stuart Rosenberg ,"Paul Newman, George Kennedy, Strother Martin, J.D. Cannon",150128,
180,181,Raging Bull,1980,129 min,"Biography, Drama, Sport            ",8.2,"The life of boxer Jake LaMotta, whose violence and temper that lead him to the top in the ring destroyed his life outside of it.",Martin Scorsese ,"Robert De Niro, Cathy Moriarty, Joe Pesci, Frank Vincent",291693,$23.38M
181,182,Hauru no ugoku shiro,2004,119 min,"Animation, Adventure, Family            ",8.2,"When an unconfident young woman is cursed with an old body by a spiteful witch, her only chance of breaking the spell lies with a self-indulgent yet insecure young wizard and his companions in his legged, walking castle.",Hayao Miyazaki ,"Chieko Baishô, Takuya Kimura, Tatsuya Gashûin, Akihiro Miwa",286506,$4.71M
182,183,El secreto de sus ojos,2009,129 min,"Drama, Mystery, Romance            ",8.2,A retired legal counselor writes a novel hoping to find closure for one of his past unresolved homicide cases and for his unreciprocated love with his superior - both of which still haunt him decades later.,Juan José Campanella ,"Ricardo Darín, Soledad Villamil, Pablo Rago, Carla Quevedo",174787,$6.39M
183,184,Incendies,2010,131 min,"Drama, Mystery, War            ",8.3,Twins journey to the Middle East to discover their family history and fulfill their mother's last wishes.,Denis Villeneuve ,"Lubna Azabal, Mélissa Désormeaux-Poulin, Maxim Gaudette, Mustafa Kamel",126271,$6.86M
184,185,Chinatown,1974,130 min,"Drama, Mystery, Thriller            ",8.2,"A private detective hired to expose an adulterer finds himself caught up in a web of deceit, corruption, and murder.",Roman Polanski ,"Jack Nicholson, Faye Dunaway, John Huston, Perry Lopez",268583,$29.20M
185,186,The Great Escape,1963,172 min,"Adventure, Drama, History            ",8.2,Allied prisoners of war plan for several hundred of their number to escape from a German camp during World War II.,John Sturges ,"Steve McQueen, James Garner, Richard Attenborough, Charles Bronson",206701,$12.10M
186,187,Tonari no Totoro,1988,86 min,"Animation, Family, Fantasy            ",8.2,"When two girls move to the country to be near their ailing mother, they have adventures with the wondrous forest spirits who live nearby.",Hayao Miyazaki ,"Hitoshi Takagi, Noriko Hidaka, Chika Sakamoto, Shigesato Itoi",242244,
187,188,Det sjunde inseglet,1957,96 min,"Drama, Fantasy            ",8.2,"A man seeks answers about life, death, and the existence of God as he plays chess against the Grim Reaper during the Black Plague.",Ingmar Bergman ,"Max von Sydow, Gunnar Björnstrand, Bengt Ekerot, Nils Poppe",145215,
188,189,On the Waterfront,1954,108 min,"Crime, Drama, Thriller            ",8.2,An ex-prize fighter turned longshoreman struggles to stand up to his corrupt union bosses.,Elia Kazan ,"Marlon Brando, Karl Malden, Lee J. Cobb, Rod Steiger",130111,$9.60M
189,190,The Bridge on the River Kwai,1957,161 min,"Adventure, Drama, War            ",8.1,"After settling his differences with a Japanese P.O.W. camp commander, a British colonel co-operates to oversee his men's construction of a railway bridge for their captors, while oblivious to a plan by the Allies to destroy it.",David Lean ,"William Holden, Alec Guinness, Jack Hawkins, Sessue Hayakawa",187792,$44.91M
190,191,Ran,1985,162 min,"Action, Drama            ",8.2,"In Medieval Japan, an elderly warlord retires, handing over his empire to his three sons. However, he vastly underestimates how the new-found power will corrupt them and cause them to turn on each other...and him.",Akira Kurosawa ,"Tatsuya Nakadai, Akira Terao, Jinpachi Nezu, Daisuke Ryû",100633,$3.52M
191,192,Rebecca,1940,130 min,"Drama, Mystery, Romance            ",8.1,A self-conscious woman juggles adjusting to her new role as an aristocrat's wife and avoiding being intimidated by his first wife's spectral presence.,Alfred Hitchcock ,"Laurence Olivier, Joan Fontaine, George Sanders, Judith Anderson",111912,$4.36M
192,193,Mary and Max,2009,92 min,"Animation, Comedy, Drama            ",8.1,"A tale of friendship between two unlikely pen pals: Mary, a lonely, eight-year-old girl living in the suburbs of Melbourne, and Max, a forty-four-year old, severely obese man living in New York.",Adam Elliot ,"Toni Collette, Philip Seymour Hoffman, Eric Bana, Barry Humphries",152278,
193,194,Dial M for Murder,1954,105 min,"Crime, Thriller            ",8.2,A tennis player frames his unfaithful wife for first-degree murder after she inadvertently hinders his plan to kill her.,Alfred Hitchcock ,"Ray Milland, Grace Kelly, Robert Cummings, John Williams",142073,$0.01M
194,195,Mr. Smith Goes to Washington,1939,129 min,"Comedy, Drama            ",8.1,"A naive man is appointed to fill a vacancy in the United States Senate. His plans promptly collide with political corruption, but he doesn't back down.",Frank Capra ,"James Stewart, Jean Arthur, Claude Rains, Edward Arnold",99140,$9.60M
195,196,It Happened One Night,1934,105 min,"Comedy, Romance            ",8.1,A spoiled heiress running away from her family is helped by a man who is actually a reporter in need of a story.,Frank Capra ,"Clark Gable, Claudette Colbert, Walter Connolly, Roscoe Karns",85626,$4.36M
196,197,Smultronstället,1957,91 min,"Drama, Romance            ",8.2,"After living a life marked by coldness, an aging professor is forced to confront the emptiness of his existence.",Ingmar Bergman ,"Victor Sjöström, Bibi Andersson, Ingrid Thulin, Gunnar Björnstrand",85276,
197,198,Le salaire de la peur,1953,131 min,"Adventure, Drama, Thriller            ",8.1,"In a decrepit South American village, four men are hired to transport an urgent nitroglycerine shipment without the equipment that would make it safe.",Henri-Georges Clouzot ,"Yves Montand, Charles Vanel, Peter van Eyck, Folco Lulli",48814,
198,199,The Gold Rush,1925,95 min,"Adventure, Comedy, Drama            ",8.2,A prospector goes to the Klondike in search of gold and finds it and more.,Charles Chaplin ,"Charles Chaplin, Mack Swain, Tom Murray, Henry Bergman",90497,$5.45M
199,200,The General,1926,67 min,"Action, Adventure, Comedy            ",8.1,"When Union spies steal an engineer's beloved locomotive, he pursues it single-handedly and straight through enemy lines.","Clyde Bruckman, Buster Keaton ","Buster Keaton, Marion Mack, Glen Cavender, Jim Farley",72523,
200,201,Le notti di Cabiria,1957,110 min,Drama            ,8.1,A waifish prostitute wanders the streets of Rome looking for true love but finds only heartbreak.,Federico Fellini ,"Giulietta Masina, François Périer, Franca Marzi, Dorian Gray",39087,$0.75M
201,202,Guardians of the Galaxy Vol. 2,2017,136 min,"Action, Adventure, Comedy            ",7.6,"The Guardians struggle to keep together as a team while dealing with their personal family issues, notably Star-Lord's encounter with his father the ambitious celestial being Ego.",James Gunn ,"Chris Pratt, Zoe Saldana, Dave Bautista, Vin Diesel",496825,$389.81M
202,203,Star Wars: Episode VII - The Force Awakens,2015,136 min,"Action, Adventure, Sci-Fi            ",8,"Three decades after the Empire's defeat, a new threat arises in the militant First Order. Defected stormtrooper Finn and the scavenger Rey are caught up in the Resistance's search for the missing Luke Skywalker.",J.J. Abrams ,"Daisy Ridley, John Boyega, Oscar Isaac, Domhnall Gleeson",790794,$936.66M
203,204,Mad Max: Fury Road,2015,120 min,"Action, Adventure, Sci-Fi            ",8.1,"In a post-apocalyptic wasteland, a woman rebels against a tyrannical ruler in search for her homeland with the aid of a group of female prisoners, a psychotic worshiper, and a drifter named Max.",George Miller ,"Tom Hardy, Charlize Theron, Nicholas Hoult, Zoë Kravitz",790195,$154.06M
204,205,No Country for Old Men,2007,122 min,"Crime, Drama, Thriller            ",8.1,Violence and mayhem ensue after a hunter stumbles upon a drug deal gone wrong and more than two million dollars in cash near the Rio Grande.,"Ethan Coen, Joel Coen ","Tommy Lee Jones, Javier Bardem, Josh Brolin, Woody Harrelson",775136,$74.28M
205,206,Gone Girl,2014,149 min,"Drama, Mystery, Thriller            ",8.1,"With his wife's disappearance having become the focus of an intense media circus, a man sees the spotlight turned on him when it's suspected that he may not be innocent.",David Fincher ,"Ben Affleck, Rosamund Pike, Neil Patrick Harris, Tyler Perry",770928,$167.77M
206,207,Prisoners,2013,153 min,"Crime, Drama, Mystery            ",8.1,"When Keller Dover's daughter and her friend go missing, he takes matters into his own hands as the police pursue multiple leads and the pressure mounts.",Denis Villeneuve ,"Hugh Jackman, Jake Gyllenhaal, Viola Davis, Melissa Leo",533153,$61.00M
207,208,What Ever Happened to Baby Jane?,1962,134 min,"Drama, Horror, Thriller            ",8.1,A former child star torments her paraplegic sister in their decaying Hollywood mansion.,Robert Aldrich ,"Bette Davis, Joan Crawford, Victor Buono, Wesley Addy",45690,$4.05M
208,209,Spotlight,I) (,129 min,"Biography, Crime, Drama            ",8.1,"The true story of how the Boston Globe uncovered the massive scandal of child molestation and cover-up within the local Catholic Archdiocese, shaking the entire Catholic Church to its core.",Tom McCarthy ,"Mark Ruffalo, Michael Keaton, Rachel McAdams, Liev Schreiber",370576,$45.06M
209,210,The Princess Bride,1987,98 min,"Adventure, Family, Fantasy            ",8.1,"While home sick in bed, a young boy's grandfather reads him the story of a farmboy-turned-pirate who encounters numerous obstacles, enemies and allies in his quest to be reunited with his true love.",Rob Reiner ,"Cary Elwes, Mandy Patinkin, Robin Wright, Chris Sarandon",362898,$30.86M
210,211,Donnie Darko,2001,113 min,"Drama, Sci-Fi, Thriller            ",8,"A troubled teenager is plagued by visions of a man in a large rabbit suit who manipulates him to commit a series of crimes, after he narrowly escapes a bizarre accident.",Richard Kelly ,"Jake Gyllenhaal, Jena Malone, Mary McDonnell, Holmes Osborne",703316,$1.48M
211,212,Stand by Me,1986,89 min,"Adventure, Drama            ",8.1,"After the death of one of his friends, a writer recounts a boyhood journey with his friends to find the body of a missing boy.",Rob Reiner ,"Wil Wheaton, River Phoenix, Corey Feldman, Jerry O'Connell",336744,$52.29M
212,213,Into the Wild,2007,148 min,"Adventure, Biography, Drama            ",8.1,"After graduating from Emory University, top student and athlete Christopher McCandless abandons his possessions, gives his entire $24,000 savings account to charity and hitchhikes to Alaska to live in the wilderness. Along the way, Christopher encounters a series of characters that shape his life.",Sean Penn ,"Emile Hirsch, Vince Vaughn, Catherine Keener, Marcia Gay Harden",528550,$18.35M
213,214,The Sixth Sense,1999,107 min,"Drama, Mystery, Thriller            ",8.1,A boy who communicates with spirits seeks the help of a disheartened child psychologist.,M. Night Shyamalan ,"Bruce Willis, Haley Joel Osment, Toni Collette, Olivia Williams",851877,$293.51M
214,215,Shutter Island,2010,138 min,"Mystery, Thriller            ",8.1,"In 1954, a U.S. Marshal investigates the disappearance of a murderer, who escaped from a hospital for the criminally insane.",Martin Scorsese ,"Leonardo DiCaprio, Emily Mortimer, Mark Ruffalo, Ben Kingsley",1018105,$128.01M
215,216,The Grand Budapest Hotel,2014,99 min,"Adventure, Comedy, Crime            ",8.1,"The adventures of Gustave H, a legendary concierge at a famous hotel from the fictional Republic of Zubrowka between the first and second World Wars, and Zero Moustafa, the lobby boy who becomes his most trusted friend.",Wes Anderson ,"Ralph Fiennes, F. Murray Abraham, Mathieu Amalric, Adrien Brody",640423,$59.10M
216,217,The Help,2011,146 min,Drama            ,8.1,"An aspiring author during the civil rights movement of the 1960s decides to write a book detailing the African American maids' point of view on the white families for which they work, and the hardships they go through on a daily basis.",Tate Taylor ,"Emma Stone, Viola Davis, Octavia Spencer, Bryce Dallas Howard",396078,$169.71M
217,218,There Will Be Blood,2007,158 min,Drama            ,8.1,"A story of family, religion, hatred, oil and madness, focusing on a turn-of-the-century prospector in the early days of the business.",Paul Thomas Anderson ,"Daniel Day-Lewis, Paul Dano, Ciarán Hinds, Martin Stringer",468329,$40.22M
218,219,Catch Me If You Can,2002,141 min,"Biography, Crime, Drama            ",8.1,"A seasoned FBI agent pursues Frank Abagnale Jr. who, before his 19th birthday, successfully forged millions of dollars' worth of checks while posing as a Pan Am pilot, a doctor, and a legal prosecutor.",Steven Spielberg ,"Leonardo DiCaprio, Tom Hanks, Christopher Walken, Martin Sheen",729931,$164.62M
219,220,12 Years a Slave,2013,134 min,"Biography, Drama, History            ",8.1,"In the antebellum United States, Solomon Northup, a free black man from upstate New York, is abducted and sold into slavery.",Steve McQueen ,"Chiwetel Ejiofor, Michael Kenneth Williams, Michael Fassbender, Brad Pitt",583069,$56.67M
220,221,The Wizard of Oz,1939,102 min,"Adventure, Family, Fantasy            ",8,Dorothy Gale is swept away from a farm in Kansas to a magical land of Oz in a tornado and embarks on a quest with her new friends to see the Wizard who can help her return home to Kansas and help her friends as well.,"Victor Fleming, George Cukor, Mervyn LeRoy, Norman Taurog, Richard Thorpe, King Vidor ","Judy Garland, Frank Morgan, Ray Bolger, Bert Lahr",354876,$2.08M
221,222,Rush,I) (,123 min,"Action, Biography, Drama            ",8.1,The merciless 1970s rivalry between Formula One rivals James Hunt and Niki Lauda.,Ron Howard ,"Daniel Brühl, Chris Hemsworth, Olivia Wilde, Alexandra Maria Lara",397278,$26.95M
222,223,The Truman Show,1998,103 min,"Comedy, Drama, Sci-Fi            ",8.1,An insurance salesman discovers his whole life is actually a reality TV show.,Peter Weir ,"Jim Carrey, Ed Harris, Laura Linney, Noah Emmerich",847822,$125.62M
223,224,Platoon,1986,120 min,"Drama, War            ",8.1,A young soldier in Vietnam faces a moral crisis when confronted with the horrors of war and the duality of man.,Oliver Stone ,"Charlie Sheen, Tom Berenger, Willem Dafoe, Keith David",354550,$138.53M
224,225,Million Dollar Baby,2004,132 min,"Drama, Sport            ",8.1,A determined woman works with a hardened boxing trainer to become a professional.,Clint Eastwood ,"Hilary Swank, Clint Eastwood, Morgan Freeman, Jay Baruchel",590973,$100.49M
225,226,The Bourne Ultimatum,2007,115 min,"Action, Mystery, Thriller            ",8,Jason Bourne dodges a ruthless C.I.A. official and his Agents from a new assassination program while searching for the origins of his life as a trained killer.,Paul Greengrass ,"Matt Damon, Edgar Ramírez, Joan Allen, Julia Stiles",582008,$227.47M
226,227,Stalker,1979,162 min,"Drama, Sci-Fi            ",8.1,A guide leads two men through an area known as the Zone to find a room that grants wishes.,Andrei Tarkovsky ,"Alisa Freyndlikh, Aleksandr Kaydanovskiy, Anatoliy Solonitsyn, Nikolay Grinko",99678,$0.23M
227,228,Relatos salvajes,2014,122 min,"Comedy, Drama, Thriller            ",8.1,Six short stories that explore the extremities of human behavior involving people in distress.,Damián Szifron ,"Darío Grandinetti, María Marull, Mónica Villa, Diego Starosta",153484,$3.11M
228,229,Hachi: A Dog's Tale,2009,93 min,"Drama, Family            ",8.1,A college professor bonds with an abandoned dog he takes into his home.,Lasse Hallström ,"Richard Gere, Joan Allen, Cary-Hiroyuki Tagawa, Sarah Roemer",226267,
229,230,How to Train Your Dragon,2010,98 min,"Animation, Action, Adventure            ",8.1,"A hapless young Viking who aspires to hunt dragons becomes the unlikely friend of a young dragon himself, and learns there may be more to the creatures than he assumed.","Dean DeBlois, Chris Sanders ","Jay Baruchel, Gerard Butler, Christopher Mintz-Plasse, Craig Ferguson",617404,$217.58M
230,231,Annie Hall,1977,93 min,"Comedy, Romance            ",8,Neurotic New York comedian Alvy Singer falls in love with the ditzy Annie Hall.,Woody Allen ,"Woody Allen, Diane Keaton, Tony Roberts, Carol Kane",237956,$39.20M
231,232,Ben-Hur,1959,212 min,"Adventure, Drama, History            ",8.1,"When a Jewish prince is betrayed and sent into slavery by a Roman friend, he regains his freedom and comes back for revenge.",William Wyler ,"Charlton Heston, Jack Hawkins, Stephen Boyd, Haya Harareet",203268,$74.70M
232,233,Before Sunrise,1995,101 min,"Drama, Romance            ",8.1,"A young man and woman meet on a train in Europe, and wind up spending one evening together in Vienna. Unfortunately, both know that this will probably be their only night together.",Richard Linklater ,"Ethan Hawke, Julie Delpy, Andrea Eckert, Hanno Pöschl",241146,$5.54M
233,234,Faa yeung nin wa,2000,98 min,"Drama, Romance            ",8.1,"Two neighbors, a woman and a man, form a strong bond after both suspect extramarital activities of their spouses. However, they agree to keep their bond platonic so as not to commit similar wrongs.",Kar-Wai Wong ,"Tony Chiu-Wai Leung, Maggie Cheung, Ping Lam Siu, Tung Cho 'Joe' Cheung",107344,$2.73M
234,235,Hotel Rwanda,2004,121 min,"Biography, Drama, History            ",8.1,Paul Rusesabagina was a hotel manager who housed over a thousand Tutsi refugees during their struggle against the Hutu militia in Rwanda.,Terry George ,"Don Cheadle, Sophie Okonedo, Joaquin Phoenix, Xolani Mali",315551,$23.53M
235,236,Butch Cassidy and the Sundance Kid,1969,110 min,"Biography, Crime, Drama            ",8,"Wyoming, early 1900s. Butch Cassidy and The Sundance Kid are the leaders of a band of outlaws. After a train robbery goes wrong they find themselves on the run with a posse hard on their heels. Their solution - escape to Bolivia.",George Roy Hill ,"Paul Newman, Robert Redford, Katharine Ross, Strother Martin",188958,$102.31M
236,237,Gandhi,1982,191 min,"Biography, Drama, History            ",8,"Gandhi's character is fully explained as a man of nonviolence. Through his patience, he is able to drive the British out of the subcontinent. And the stubborn nature of Jinnah and his commitment towards Pakistan is portrayed.",Richard Attenborough ,"Ben Kingsley, John Gielgud, Rohini Hattangadi, Roshan Seth",208792,$52.77M
237,238,Barry Lyndon,1975,185 min,"Adventure, Drama, History            ",8.1,An Irish rogue wins the heart of a rich widow and assumes her dead husband's aristocratic position in 18th-century England.,Stanley Kubrick ,"Ryan O'Neal, Marisa Berenson, Patrick Magee, Hardy Krüger",134020,
238,239,Salinui chueok,2003,131 min,"Action, Crime, Drama            ",8.1,"In a small Korean province in 1986, three detectives struggle with the case of multiple young women being found raped and murdered by an unknown culprit.",Joon-ho Bong ,"Kang-ho Song, Sang-kyung Kim, Roe-ha Kim, Jae-ho Song",103232,$0.01M
239,240,Life of Brian,1979,94 min,Comedy            ,8.1,"Born on the original Christmas in the stable next door to Jesus, Brian of Nazareth spends his life being mistaken for a messiah.",Terry Jones ,"Graham Chapman, John Cleese, Michael Palin, Terry Gilliam",337961,$20.05M
240,241,Mou gaan dou,2002,101 min,"Crime, Drama, Mystery            ",8.1,"A story between a mole in the police department and an undercover cop. Their objectives are the same: to find out who is the mole, and who is the cop.","Andrew Lau Wai-Keung, Alan Mak ","Andy Lau, Tony Chiu-Wai Leung, Anthony Chau-Sang Wong, Eric Tsang",111443,$0.17M
241,242,La haine,1995,98 min,"Crime, Drama            ",8.1,24 hours in the lives of three young men in the French suburbs the day after a violent riot.,Mathieu Kassovitz ,"Vincent Cassel, Hubert Koundé, Saïd Taghmaoui, Abdel Ahmed Ghili",133198,$0.31M
242,243,In the Name of the Father,1993,133 min,"Biography, Drama            ",8.1,A man's coerced confession to an IRA bombing he did not commit results in the imprisonment of his father as well. An English lawyer fights to free them.,Jim Sheridan ,"Daniel Day-Lewis, Pete Postlethwaite, Alison Crosbie, Philip King",142882,$25.01M
243,244,Amores perros,2000,154 min,"Drama, Thriller            ",8.1,"A horrific car accident connects three stories, each involving characters dealing with loss, regret, and life's harsh realities, all in the name of love.",Alejandro G. Iñárritu ,"Emilio Echevarría, Gael García Bernal, Goya Toledo, Álvaro Guerrero",208448,$5.38M
244,245,Network,1976,121 min,Drama            ,8.1,A television network cynically exploits a deranged former anchor's ravings and revelations about the news media for its own profit.,Sidney Lumet ,"Faye Dunaway, William Holden, Peter Finch, Robert Duvall",132749,
245,246,Kaze no tani no Naushika,1984,117 min,"Animation, Adventure, Fantasy            ",8.1,Warrior and pacifist Princess Nausicaä desperately struggles to prevent two warring nations from destroying themselves and their dying planet.,Hayao Miyazaki ,"Sumi Shimamoto, Mahito Tsujimura, Hisako Kyôda, Gorô Naya",129726,$0.50M
246,247,The Maltese Falcon,1941,100 min,"Film-Noir, Mystery            ",8,"A private detective takes on a case that involves him with three eccentric criminals, a gorgeous liar, and their quest for a priceless statuette.",John Huston ,"Humphrey Bogart, Mary Astor, Gladys George, Peter Lorre",141539,$2.11M
247,248,Persona,1966,85 min,"Drama, Thriller            ",8.1,A nurse is put in charge of a mute actress and finds that their personae are melding together.,Ingmar Bergman ,"Bibi Andersson, Liv Ullmann, Margaretha Krook, Gunnar Björnstrand",88371,
248,249,The Grapes of Wrath,1940,129 min,"Drama, History            ",8,"A poor Midwest family is forced off their land. They travel to California, suffering the misfortunes of the homeless in the Great Depression.",John Ford ,"Henry Fonda, Jane Darwell, John Carradine, Charley Grapewin",81630,$0.06M
249,250,Jaws,1975,124 min,"Adventure, Drama, Thriller            ",8,"When a killer shark unleashes chaos on a beach community, it's up to a local sheriff, a marine biologist, and an old seafarer to hunt the beast down.",Steven Spielberg ,"Roy Scheider, Robert Shaw, Richard Dreyfuss, Lorraine Gary",515675,$260.00M
